{"cameraMode":{"drawMode":0,"name":"Shaded","section":"Shading Mode"},"sceneLighting":true,"audioPlay":false,"sceneViewState":{"m_AlwaysRefresh":false,"showFog":true,"showSkybox":true,"showFlares":true,"showImageEffects":true,"showParticleSystems":true,"showVisualEffectGraphs":true,"m_FxEnabled":true},"in2DMode":false,"pivot":{"x":-26.157716751098634,"y":-16.537126541137697,"z":19.655006408691408},"rotation":{"x":-0.1933540552854538,"y":0.48667430877685549,"z":-0.11138936132192612,"w":-0.8448029160499573},"size":21.144216537475587,"orthographic":false}