{"cameraMode":{"drawMode":0,"name":"Shaded","section":"Shading Mode"},"sceneLighting":true,"audioPlay":false,"sceneViewState":{"m_AlwaysRefresh":false,"showFog":true,"showSkybox":true,"showFlares":true,"showImageEffects":true,"showParticleSystems":true,"showVisualEffectGraphs":true,"m_FxEnabled":true},"in2DMode":false,"pivot":{"x":631.5543823242188,"y":165.1256103515625,"z":421.27081298828127},"rotation":{"x":-0.11376865953207016,"y":0.008093205280601979,"z":-0.0009380854899063706,"w":-0.9936420321464539},"size":671.8611450195313,"orthographic":false}